<?xml version="1.0" encoding="UTF-8" ?>

<soap11:Envelope
  xmlns:soap11="http://schemas.xmlsoap.org/soap/envelope/"
>
  <soap11:Body>
    <samlp:Response
      xmlns:samlp="urn:oasis:names:tc:SAML:2.0:protocol"
      ID="_a497209b45eb434cffacd57855ed72be"
      InResponseTo="AttrQuery12345789"
      IssueInstant="2009-07-15T15:52:23.625Z"
      Version="2.0"
    >
      <saml:Issuer
        xmlns:saml="urn:oasis:names:tc:SAML:2.0:assertion"
      >http://somecom.com/SomeJavaAssertingParty</saml:Issuer>
      <samlp:Status>
        <samlp:StatusCode
          Value="urn:oasis:names:tc:SAML:2.0:status:Success"
        />
      </samlp:Status>
      <saml:Assertion
        xmlns:saml="urn:oasis:names:tc:SAML:2.0:assertion"
        ID="Assertion12345789"
        IssueInstant="2009-07-15T15:52:23.406Z"
        Version="2.0"
      >
        <saml:Issuer>http://mycom.com/MyJavaAttributeService</saml:Issuer>
        <saml:Subject>
          <saml:NameID
            Format="urn:oasis:names:tc:SAML:2.0:nameid-format:transient"
          >ga489Slge8+0nio9=</saml:NameID>
        </saml:Subject>
        <saml:AttributeStatement>
          <saml:Attribute
            Name="FullName"
          >
            <saml:AttributeValue>William Whitford Provost</saml:AttributeValue>
          </saml:Attribute>
          <saml:Attribute
            Name="JobTitle"
          >
            <saml:AttributeValue>Grand Poobah</saml:AttributeValue>
          </saml:Attribute>
        </saml:AttributeStatement>
      </saml:Assertion>
    </samlp:Response>
  </soap11:Body>
</soap11:Envelope>

