<?xml version="1.0" encoding="UTF-8" ?>
<!DOCTYPE struts PUBLIC
   "-//Apache Software Foundation//DTD Struts Configuration 2.0//EN"
   "http://struts.apache.org/dtds/struts-2.0.dtd">

<struts>
	<constant name="struts.enable.DynamicMethodInvocation" value="false" />

	<constant name="struts.devMode" value="true" />
	<constant name="struts.custom.i18n.resources" value="ApplicationResources" />

	<package name="default" extends="struts-default" namespace="/">
		<action name="landingPage" class="com.example.saml.action.LandingPageAction">
			<result name="success">/LandingPage.jsp</result>
		</action>
		<action name="saml/SSO" class="com.example.saml.action.LandingPageAction">
			<result name="success">/LandingPage.jsp</result>
		</action>
		<action name="SSO" class="com.example.saml.action.LandingPageAction">
			<result name="success">/LandingPage.jsp</result>
		</action>
		<action name="errorPage" class="com.example.saml.action.ErrorPageAction">
			<result name="success">/piv/ErrorPage.jsp</result>
		</action>
	</package>

</struts>